{
  "resourceType": "Location",
  "id": "a3b793f0-eb53-4cda-92ce-fe0a77106252",
  "meta": {
    "profile": [
      "http://fhir.openmrs.org/core/StructureDefinition/omrs-location"
    ]
  },
  "status": "active",
  "name": "Outpatient Clinic",
  "description": "Outpatient Clinic",
  "type": [
    {
      "coding": [
        {
          "code": "sleep",
          "system": "http://terminology.hl7.org/CodeSystem/v3-RoleCode",
          "display": "Sleep disorders unit"
        }
      ]
    }
  ],
  "telecom": [
    {
      "system": "phone",
      "value": "(+1) 734-677-7777"
    },
    {
      "system": "fax",
      "value": "(+1) 734-677-6622"
    },
    {
      "system": "email",
      "value": "hq@HL7.org"
    }
  ],
  "address": {
    "use": "home",
    "city": "Ann Arbor",
    "district": "Mukono",
    "state": "MI",
    "postalCode": "48104",
    "country": "USA",
    "_line": [
      {
        "value": "3300 Washtenaw Avenue, Suite 227"
      }
    ]
  },
  "position": {
    "latitude": 42.2565,
    "longitude": -83.69471
  }
}
