{
  "resourceType": "SearchParameter",
  "id": "serviceRequest-patient.given",
  "url": "http://fhir.openmrs.org/core/SearchParameter/serviceRequest-patient.given",
  "name": "serviceRequestPatientGivenNameSearchParameter",
  "status": "active",
  "description": "Searches for serviceRequest based on the patient's given name(s) eg) /ws/fhir2/{release}/ServiceRequest?patient.given={givenName}",
  "code": "patient.given",
  "base": [
    "ServiceRequest"
  ],
  "target": [
    "ServiceRequest"
  ],
  "type": "string"
}
