{
  "resourceType": "SearchParameter",
  "id": "Practitioner-address-state",
  "url": "http://fhir.openmrs.org/core/SearchParameter/Practitioner-address-state",
  "name": "PractitionerStateSearchParameter",
  "status": "active",
  "description": "Searches based on the address-state field for the Practitioner record eg) /ws/fhir2/{release}/Practitioner?address-state={state}",
  "code": "address-state",
  "base": [
    "Practitioner"
  ],
  "target": [
    "Practitioner"
  ],
  "type": "string"
}
