{
  "resourceType": "SearchParameter",
  "id": "MedicationRequest-requestor-identifier",
  "url": "http://fhir.openmrs.org/core/SearchParameter/MedicationRequest-requestor-identifier",
  "name": "MedicationRequestRequestorIdentifierSearchParameter",
  "status": "active",
  "description": "Searches for MedicationRequest by a given Practitioner eg) /ws/fhir2/{release}/MedicationRequest?requestor.identifier={identifier}",
  "code": "requestor.identifier",
  "base": [
    "MedicationRequest"
  ],
  "target": [
    "MedicationRequest"
  ],
  "type": "token"
}
