{
  "resourceType": "StructureDefinition",
  "id": "omrs-location",
  "extension": [
    {
      "url": "http://hl7.org/fhir/StructureDefinition/structuredefinition-category",
      "valueString": "Base.Entities"
    },
    {
      "url": "http://hl7.org/fhir/StructureDefinition/structuredefinition-security-category",
      "valueCode": "business"
    }
  ],
  "url": "http://fhir.openmrs.org/core/StructureDefinition/omrs-location",
  "version": "1.0.0",
  "name": "OMRSLocation",
  "title": "OpenMRS Location",
  "status": "active",
  "description": "An OpenMRS location",
  "fhirVersion": "4.0.1",
  "mapping": [
    {
      "identity": "rim",
      "uri": "http://hl7.org/v3",
      "name": "RIM Mapping"
    },
    {
      "identity": "w5",
      "uri": "http://hl7.org/fhir/fivews",
      "name": "FiveWs Pattern Mapping"
    },
    {
      "identity": "location-Mapping",
      "name": "FHIR HL7 vs OMRS FHIR2",
      "uri": "http://hl7.org/fhir/3.0/StructureDefinition/Location",
      "comment": "Location is a FHIR resource that represents details and position information for a physical place where services are provided and resources and participants may be stored, found, contained, or accommodated. In the current implementation, FHIR Locations are mapped to OpenMRS Location objects."
    }
  ],
  "kind": "resource",
  "abstract": false,
  "type": "Location",
  "baseDefinition": "http://hl7.org/fhir/StructureDefinition/Location",
  "derivation": "constraint",
  "differential": {
    "element": [
      {
        "id": "Location",
        "path": "Location",
        "mapping": [
          {
            "identity": "location-Mapping",
            "map": "OMRS Location",
            "comment": "This profile maps to Location in OMRS FHIR2"
          }
        ]
      },
      {
        "id": "Location.id",
        "path": "Location.id",
        "min": 1,
        "mapping": [
          {
            "identity": "location-Mapping",
            "map": "Location.uuid"
          }
        ]
      },
      {
        "id": "Location.meta.tag",
        "path": "Location.meta.tag",
        "mapping": [
          {
            "identity": "location-Mapping",
            "map": "tags"
          }
        ]
      },
      {
        "id": "Location.status",
        "path": "Location.status",
        "binding": {
          "strength": "required",
          "valueSet": "http://fhir.openmrs.org/core/ValueSet/location-status-vs"
        },
        "mapping": [
          {
            "identity": "location-Mapping",
            "map": "retired"
          }
        ]
      },
      {
        "id": "Location.name",
        "path": "Location.name",
        "min": 1,
        "mapping": [
          {
            "identity": "location-Mapping",
            "map": "name"
          }
        ]
      },
      {
        "id": "Location.description",
        "path": "Location.description",
        "min": 1,
        "mapping": [
          {
            "identity": "location-Mapping",
            "map": "description"
          }
        ]
      },
      {
        "id": "Location.telecom",
        "path": "Location.telecom",
        "type": [
          {
            "code": "ContactPoint",
            "profile": [
              "http://fhir.openmrs.org/core/StructureDefinition/omrs-location-contact-point"
            ]
          }
        ]
      },
      {
        "id": "Location.address",
        "path": "Location.address",
        "type": [
          {
            "code": "Address",
            "profile": [
              "http://fhir.openmrs.org/core/StructureDefinition/omrs-address"
            ]
          }
        ]
      },
      {
        "id": "Location.address.line",
        "path": "Location.address.line",
        "mapping": [
          {
            "identity": "location-Mapping",
            "map": "address1"
          }
        ]
      },
      {
        "id": "Location.address.city",
        "path": "Location.address.city",
        "mapping": [
          {
            "identity": "location-Mapping",
            "map": "cityVillage"
          }
        ]
      },
      {
        "id": "Location.address.district",
        "path": "Location.address.district",
        "mapping": [
          {
            "identity": "location-Mapping",
            "map": "countyDistrict"
          }
        ]
      },
      {
        "id": "Location.address.state",
        "path": "Location.address.state",
        "mapping": [
          {
            "identity": "location-Mapping",
            "map": "stateProvince"
          }
        ]
      },
      {
        "id": "Location.address.postalCode",
        "path": "Location.address.postalCode",
        "mapping": [
          {
            "identity": "location-Mapping",
            "map": "postalCode"
          }
        ]
      },
      {
        "id": "Location.address.country",
        "path": "Location.address.country",
        "mapping": [
          {
            "identity": "location-Mapping",
            "map": "country"
          }
        ]
      },
      {
        "id": "Location.position.longitude",
        "path": "Location.position.longitude",
        "mapping": [
          {
            "identity": "location-Mapping",
            "map": "longintude"
          }
        ]
      },
      {
        "id": "Location.position.latitude",
        "path": "Location.position.latitude",
        "mapping": [
          {
            "identity": "location-Mapping",
            "map": "latitude"
          }
        ]
      },
      {
        "id": "Location.partOf",
        "path": "Location.partOf",
        "mapping": [
          {
            "identity": "location-Mapping",
            "map": "parentLocation"
          }
        ]
      }
    ]
  }
}
