{
  "resourceType": "StructureDefinition",
  "id": "omrs-location-contact-point",
  "url": "http://fhir.openmrs.org/core/StructureDefinition/omrs-location-contact-point",
  "version": "1.0.0",
  "name": "OMRSLocationContactPoint",
  "title": "OpenMRS Location Contact Point",
  "status": "active",
  "description": "An OpenMRS Location Phone Number",
  "fhirVersion": "4.0.1",
  "mapping": [
    {
      "identity": "v2",
      "uri": "http://hl7.org/v2",
      "name": "HL7 v2 Mapping"
    },
    {
      "identity": "rim",
      "uri": "http://hl7.org/v3",
      "name": "RIM Mapping"
    },
    {
      "identity": "servd",
      "uri": "http://www.omg.org/spec/ServD/1.0/",
      "name": "ServD"
    }
  ],
  "kind": "complex-type",
  "abstract": false,
  "type": "ContactPoint",
  "baseDefinition": "http://hl7.org/fhir/StructureDefinition/ContactPoint",
  "derivation": "constraint",
  "differential": {
    "element": [
      {
        "id": "ContactPoint.system",
        "path": "ContactPoint.system",
        "min": 1
      },
      {
        "id": "ContactPoint.value",
        "path": "ContactPoint.value",
        "min": 1
      }
    ]
  }
}
