<?xml version="1.0" encoding="UTF-8"?>

<SearchParameter xmlns="http://hl7.org/fhir">
  <id value="Task-lastUpdated"/>
  <text>
    <status value="generated"/><div xmlns="http://www.w3.org/1999/xhtml"><h2>TaskLastUpdatedSearchParameter</h2><p>Parameter <code>_lastUpdated</code>:<code>date</code></p><div><p>Searches based on the Task lastUpdated field for the Task record eg) /ws/fhir2/{release}/Task?_lastUpdated={date}</p>
</div><table class="grid"><tr><td>Resource</td><td><a href="http://hl7.org/fhir/R4/task.html">Task</a></td></tr><tr><td>Expression</td><td>(none)</td></tr><tr><td>Target Resources</td><td><a href="http://hl7.org/fhir/R4/task.html">Task</a></td></tr><tr><td>Multiples</td><td>The parameter cannot repeat or have multiple values</td></tr></table></div>
  </text>
  <url value="http://fhir.openmrs.org/core/SearchParameter/Task-lastUpdated"/>
  <version value="1.0.0"/>
  <name value="TaskLastUpdatedSearchParameter"/>
  <status value="active"/>
  <date value="2023-03-20T20:24:53+01:00"/>
  <contact>
    <name value="OpenMRS, Inc."/>
    <telecom>
      <system value="url"/>
      <value value="https://openmrs.org"/>
    </telecom>
  </contact>
  <description value="Searches based on the Task lastUpdated field for the Task record eg) /ws/fhir2/{release}/Task?_lastUpdated={date}"/>
  <code value="_lastUpdated"/>
  <base value="Task"/>
  <type value="date"/>
  <target value="Task"/>
</SearchParameter>